,name,3,5,10,EXP,EXP 1.4,EXP 1.6,SMT-CBS
0,warehouse_a2,6.0293,5.881600000000001,6.0018,6.0774,5.712899999999999,5.6187000000000005,6.049799999999999
1,warehouse_a4,4.9208,4.791499999999999,4.8036,4.857100000000001,4.737,4.5104,4.878500000000001
2,warehouse_a6,8.2042,8.1161,7.754900000000001,7.9278,7.551699999999999,7.8497,8.217099999999999
3,warehouse_a8,27.034,26.909,27.744,28.314,26.332,26.556,27.537
4,warehouse_a10,48.737,44.94799999999999,51.28699999999999,56.363,51.403999999999996,51.084,61.087
5,warehouse_a12,50.92100000000001,47.939,48.305,55.979,49.713,49.428,49.237
6,warehouse_a14,65.01200000000001,51.221000000000004,50.829,62.605999999999995,52.60200000000001,51.196000000000005,57.629999999999995
7,warehouse_a16,42.291999999999994,35.364999999999995,38.321,44.147999999999996,33.63799999999999,34.38000000000001,33.979
